err_relativo_magnitud,err_relativo_fase,corr_magnitud,corr_fase,fase_global_rad,mse_complejo_alineado,ssim_magnitud,psnr_magnitud,recovery_err,perfil_radial,error_radial_mse,iteraciones
0.9377931547493207,0.9992855000137036,0.96902583483727,-0.0028705402380181546,-0.8818654592505714,968781444.1395321,0.9978721419826089,64.30916738513557,0.9377931547493207,"[2.16327717e+15 7.77145095e+11 2.43903994e+11 2.65384271e+11
 6.77275208e+10 6.14208937e+10 5.06249997e+10 3.95815059e+10
 5.61441635e+10 3.84555503e+10 2.88767360e+10 2.30434084e+10
 2.66699720e+10 2.09040035e+10 1.80146820e+10 1.41765454e+10
 1.94765599e+10 1.46657155e+10 4.48197254e+09 7.69692056e+08
 5.48015035e+08 5.23256338e+08 5.36838830e+08 6.16654365e+08
 5.55597494e+08 3.95594385e+08 3.16621776e+08 3.06499759e+08
 2.22946599e+08 1.53413577e+08 1.16754360e+08 9.50642867e+07
 5.57142933e+07 6.17451880e+07 5.06790820e+07 3.74219957e+07
 3.67066672e+07 3.63261751e+07 3.35509798e+07 3.01282036e+07
 2.48434430e+07 2.46824558e+07 2.38090031e+07 2.14897297e+07
 2.51138286e+07 2.02760785e+07 2.54076991e+07 2.27586228e+07
 2.02338264e+07 2.42688138e+07 2.18187849e+07 1.93902272e+07
 1.60571264e+07 1.70722231e+07 1.12664884e+07 1.29196449e+07
 1.14479441e+07 1.08612395e+07 1.06400620e+07 9.03347573e+06
 7.57558832e+06 8.39014110e+06 7.76738062e+06 6.65294701e+06
 5.28083706e+06 4.92433856e+06 3.91952980e+06 3.76706239e+06
 3.79117643e+06 3.14184876e+06 3.39666448e+06 3.22652148e+06
 2.80835969e+06 2.94098959e+06 2.66157591e+06 2.87826568e+06
 2.48641895e+06 2.60739747e+06 2.98299584e+06 2.42209248e+06
 2.89812729e+06 2.40197543e+06 2.19022009e+06 2.51908451e+06
 2.95973993e+06 2.10614789e+06 2.16771234e+06 1.86817380e+06
 1.71794559e+06 1.41477224e+06 1.27876496e+06 1.40320000e+06
 1.52338521e+06 1.47675137e+06 1.66561769e+06 1.52294094e+06
 1.92403437e+06 1.63212553e+06 1.26297951e+06 1.44011564e+06
 1.50419904e+06 1.33609700e+06 1.24947720e+06 1.13988702e+06
 1.11806811e+06 1.07517392e+06 1.02533652e+06 9.74996885e+05
 9.40600120e+05 9.60364706e+05 8.90023889e+05 9.10430824e+05
 9.01688342e+05 8.33993359e+05 8.06933680e+05 8.32424920e+05
 8.45402831e+05 8.44740279e+05 9.48572106e+05 8.67199629e+05
 7.51052310e+05 8.91393865e+05 8.35763362e+05 8.39854239e+05
 8.39906697e+05 8.34917696e+05 7.64649621e+05 7.52380587e+05
 7.58163690e+05 7.31065502e+05 6.87210898e+05 6.93202269e+05
 5.50482399e+05 6.05658954e+05 6.18385178e+05 5.70738972e+05
 5.11523260e+05 5.29967937e+05 4.99811656e+05 4.72916168e+05
 4.91418767e+05 4.67593766e+05 4.76315238e+05 4.80541525e+05
 4.46463292e+05 4.34067709e+05 4.36015552e+05 4.51306211e+05
 4.10687724e+05 4.26111675e+05 4.54133595e+05 4.01579659e+05
 4.50314018e+05 3.96108002e+05 3.75810646e+05 4.15154313e+05
 4.30590677e+05 3.63350523e+05 3.60351903e+05 3.50320239e+05
 3.40929914e+05 3.04171436e+05 3.14235750e+05 3.01381454e+05
 3.19970094e+05 3.14732294e+05 3.33489420e+05 3.38627565e+05
 3.65261047e+05 3.35481370e+05 2.98635563e+05 3.17367403e+05
 3.49380115e+05 3.00007829e+05 3.10670964e+05 3.05649306e+05
 2.74674112e+05 2.93475942e+05 2.73091887e+05 2.76117134e+05
 2.65636594e+05 2.70841206e+05 2.61726582e+05 2.57243660e+05
 2.67611405e+05 2.53822209e+05 2.46197691e+05 2.50651475e+05
 2.47194565e+05 2.51722752e+05 2.69046959e+05 2.45034186e+05
 2.34764970e+05 2.57927675e+05 2.52594556e+05 2.53137128e+05
 2.55259698e+05 2.51097945e+05 2.46438353e+05 2.42796757e+05
 2.52720610e+05 2.39918960e+05 2.24062952e+05 2.28325887e+05
 1.97136317e+05 2.16057514e+05 2.15104399e+05 2.04018036e+05
 1.93670101e+05 1.95001690e+05 2.01868535e+05 1.94732647e+05
 2.03631624e+05 1.97527490e+05 1.86939489e+05 2.02366997e+05
 1.90120554e+05 1.88834312e+05 1.98300564e+05 1.83923187e+05
 1.85843260e+05 1.84863064e+05 1.90731780e+05 1.86086883e+05
 1.91166070e+05 1.80486231e+05 1.70684974e+05 1.81735616e+05
 1.90205203e+05 1.69940884e+05 1.70648091e+05 1.65761658e+05
 1.63493399e+05 1.57922697e+05 1.66027139e+05 1.62138968e+05
 1.58531923e+05 1.65555743e+05 1.66967855e+05 1.70766964e+05
 1.84915236e+05 1.74068652e+05 1.67864130e+05 1.71938486e+05
 1.70529619e+05 1.68639488e+05 1.64130009e+05 1.71392721e+05
 1.51534006e+05 1.62784443e+05 1.57955866e+05 1.55857436e+05
 1.52732407e+05 1.56509411e+05 1.50647985e+05 1.47376077e+05
 8.23528725e+04 2.07634849e+03 1.26093047e+03 1.03018727e+03
 9.03968079e+02 8.04938128e+02 6.74673568e+02 6.10991082e+02
 5.64337357e+02 5.32127594e+02 5.17174736e+02 4.86013589e+02
 4.84975078e+02 4.58856756e+02 4.38049512e+02 4.39512312e+02
 4.35005055e+02 4.16477209e+02 4.05319089e+02 4.00431708e+02
 3.95427835e+02 3.82071116e+02 3.72273177e+02 3.68230126e+02
 3.76416966e+02 3.60242462e+02 3.46297268e+02 3.43685915e+02
 3.46824624e+02 3.28373615e+02 3.22288949e+02 3.17903809e+02
 3.11267124e+02 3.06682967e+02 3.03186138e+02 2.98269401e+02
 2.99423603e+02 2.89976919e+02 2.90234300e+02 2.90259818e+02
 2.79971208e+02 2.85165130e+02 2.77964402e+02 2.76175564e+02
 2.74871426e+02 2.68583103e+02 2.69720146e+02 2.70076044e+02
 2.66782269e+02 2.70651706e+02 2.64542518e+02 2.62620407e+02
 2.60801972e+02 2.60601693e+02 2.56837376e+02 2.56503626e+02
 2.56294995e+02 2.50302311e+02 2.51132865e+02 2.54010480e+02
 2.47151999e+02 2.48875780e+02 2.46929911e+02 2.48820136e+02
 2.40462615e+02 2.41238758e+02 2.41591412e+02 2.37060714e+02
 2.37087471e+02 2.29585314e+02 2.33015940e+02 2.26643404e+02
 2.29815550e+02 2.30406885e+02 2.25106691e+02 2.30424424e+02
 2.23827713e+02 2.26677985e+02 2.24022569e+02 2.24524348e+02
 2.24388707e+02 2.21084827e+02 2.24563736e+02 2.24125802e+02
 2.16869421e+02 2.20292426e+02 2.21307998e+02 2.16376173e+02
 2.24683895e+02 2.13867301e+02 2.27193400e+02 2.23096612e+02
 2.28271919e+02 2.31745430e+02 2.32638842e+02 2.27157453e+02
 2.26197910e+02 2.23282733e+02 2.19591147e+02 2.15291468e+02
 2.15137056e+02 2.16004424e+02 2.13770511e+02 2.14987534e+02
 2.13349742e+02 2.15484352e+02 2.37323416e+02]",5.275245964549702e+30,50
0.9338116930942224,0.9985779326646569,0.9695997435696351,-0.0025630549254557753,-0.8819129750104248,960637297.8750073,0.9979219900536095,64.37804999906642,0.9338116930942224,"[2.16158549e+15 7.86845679e+11 2.46319993e+11 2.69994125e+11
 6.87104884e+10 6.26646604e+10 5.14998955e+10 4.03171789e+10
 5.70427566e+10 3.94343998e+10 2.96248520e+10 2.36297177e+10
 2.73911297e+10 2.14722828e+10 1.84731812e+10 1.45511566e+10
 1.98178360e+10 1.47899832e+10 4.67577632e+09 1.00831805e+09
 7.52707521e+08 7.28030408e+08 7.67912522e+08 8.88969134e+08
 7.55607714e+08 5.59516488e+08 4.60178327e+08 4.59335526e+08
 3.34517309e+08 2.54523045e+08 2.44974907e+08 1.79022360e+08
 1.54746501e+08 1.83627481e+08 1.80961213e+08 1.12591342e+08
 1.22912804e+08 1.38211171e+08 1.21409471e+08 1.17427418e+08
 8.43993654e+07 9.39784047e+07 8.05002728e+07 3.56337632e+07
 2.71475499e+07 2.20055875e+07 2.75190406e+07 2.45518282e+07
 2.18294048e+07 2.59387155e+07 2.29702536e+07 2.03336464e+07
 1.68393339e+07 1.79681695e+07 1.19480865e+07 1.36375169e+07
 1.20017550e+07 1.14447317e+07 1.12806230e+07 9.52273433e+06
 7.98978345e+06 8.89875660e+06 8.23461297e+06 7.02751341e+06
 5.56979215e+06 5.26049986e+06 4.10037691e+06 3.76950821e+06
 3.79368042e+06 3.14296659e+06 3.39836618e+06 3.22753691e+06
 2.80869036e+06 2.94110627e+06 2.66166733e+06 2.87833925e+06
 2.48648743e+06 2.60743257e+06 2.98303342e+06 2.42212661e+06
 2.89815699e+06 2.40199556e+06 2.19023101e+06 2.51909684e+06
 2.95974314e+06 2.10614965e+06 2.16771419e+06 1.86817380e+06
 1.71794559e+06 1.41477224e+06 1.27876496e+06 1.40320000e+06
 1.52338521e+06 1.47675137e+06 1.66561769e+06 1.52294094e+06
 1.92403437e+06 1.63212553e+06 1.26297951e+06 1.44011564e+06
 1.50419904e+06 1.33609700e+06 1.24947720e+06 1.13988702e+06
 1.11806811e+06 1.07517392e+06 1.02533652e+06 9.74996885e+05
 9.40600120e+05 9.60364706e+05 8.90023889e+05 9.10430824e+05
 9.01688342e+05 8.33993359e+05 8.06933680e+05 8.32424920e+05
 8.45402831e+05 8.44740279e+05 9.48572106e+05 8.67199629e+05
 7.51052310e+05 8.91393865e+05 8.35763362e+05 8.39854239e+05
 8.39906697e+05 8.34917696e+05 7.64649621e+05 7.52380587e+05
 7.58163690e+05 7.31065502e+05 6.87210898e+05 6.93202269e+05
 5.50482399e+05 6.05658954e+05 6.18385178e+05 5.70738972e+05
 5.11523260e+05 5.29967937e+05 4.99811656e+05 4.72916168e+05
 4.91418767e+05 4.67593766e+05 4.76315238e+05 4.80541525e+05
 4.46463292e+05 4.34067709e+05 4.36015552e+05 4.51306211e+05
 4.10687724e+05 4.26111675e+05 4.54133595e+05 4.01579659e+05
 4.50314018e+05 3.96108002e+05 3.75810646e+05 4.15154313e+05
 4.30590677e+05 3.63350523e+05 3.60351903e+05 3.50320239e+05
 3.40929914e+05 3.04171436e+05 3.14235750e+05 3.01381454e+05
 3.19970094e+05 3.14732294e+05 3.33489420e+05 3.38627565e+05
 3.65261047e+05 3.35481370e+05 2.98635563e+05 3.17367403e+05
 3.49380115e+05 3.00007829e+05 3.10670964e+05 3.05649306e+05
 2.74674112e+05 2.93475942e+05 2.73091887e+05 2.76117134e+05
 2.65636594e+05 2.70841206e+05 2.61726582e+05 2.57243660e+05
 2.67611405e+05 2.53822209e+05 2.46197691e+05 2.50651475e+05
 2.47194565e+05 2.51722752e+05 2.69046959e+05 2.45034186e+05
 2.34764970e+05 2.57927675e+05 2.52594556e+05 2.53137128e+05
 2.55259698e+05 2.51097945e+05 2.46438353e+05 2.42796757e+05
 2.52720610e+05 2.39918960e+05 2.24062952e+05 2.28325887e+05
 1.97136317e+05 2.16057514e+05 2.15104399e+05 2.04018036e+05
 1.93670101e+05 1.95001690e+05 2.01868535e+05 1.94732647e+05
 2.03631624e+05 1.97527490e+05 1.86939489e+05 2.02366997e+05
 1.90120554e+05 1.88834312e+05 1.98300564e+05 1.83923187e+05
 1.85843260e+05 1.84863064e+05 1.90731780e+05 1.86086883e+05
 1.91166070e+05 1.80486231e+05 1.70684974e+05 1.81735616e+05
 1.90205203e+05 1.69940884e+05 1.70648091e+05 1.65761658e+05
 1.63493399e+05 1.57922697e+05 1.66027139e+05 1.62138968e+05
 1.58531923e+05 1.65555743e+05 1.66967855e+05 1.70766964e+05
 1.84915236e+05 1.74068652e+05 1.67864130e+05 1.71938486e+05
 1.70529619e+05 1.68639488e+05 1.64130009e+05 1.71392721e+05
 1.51534006e+05 1.62784443e+05 1.57955866e+05 1.55857436e+05
 1.52732407e+05 1.56509411e+05 1.50647985e+05 1.47376077e+05
 8.23528725e+04 2.07634849e+03 1.26093047e+03 1.03018727e+03
 9.03968079e+02 8.04938128e+02 6.74673568e+02 6.10991082e+02
 5.64337357e+02 5.32127594e+02 5.17174736e+02 4.86013589e+02
 4.84975078e+02 4.58856756e+02 4.38049512e+02 4.39512312e+02
 4.35005055e+02 4.16477209e+02 4.05319089e+02 4.00431708e+02
 3.95427835e+02 3.82071116e+02 3.72273177e+02 3.68230126e+02
 3.76416966e+02 3.60242462e+02 3.46297268e+02 3.43685915e+02
 3.46824624e+02 3.28373615e+02 3.22288949e+02 3.17903809e+02
 3.11267124e+02 3.06682967e+02 3.03186138e+02 2.98269401e+02
 2.99423603e+02 2.89976919e+02 2.90234300e+02 2.90259818e+02
 2.79971208e+02 2.85165130e+02 2.77964402e+02 2.76175564e+02
 2.74871426e+02 2.68583103e+02 2.69720146e+02 2.70076044e+02
 2.66782269e+02 2.70651706e+02 2.64542518e+02 2.62620407e+02
 2.60801972e+02 2.60601693e+02 2.56837376e+02 2.56503626e+02
 2.56294995e+02 2.50302311e+02 2.51132865e+02 2.54010480e+02
 2.47151999e+02 2.48875780e+02 2.46929911e+02 2.48820136e+02
 2.40462615e+02 2.41238758e+02 2.41591412e+02 2.37060714e+02
 2.37087471e+02 2.29585314e+02 2.33015940e+02 2.26643404e+02
 2.29815550e+02 2.30406885e+02 2.25106691e+02 2.30424424e+02
 2.23827713e+02 2.26677985e+02 2.24022569e+02 2.24524348e+02
 2.24388707e+02 2.21084827e+02 2.24563736e+02 2.24125802e+02
 2.16869421e+02 2.20292426e+02 2.21307998e+02 2.16376173e+02
 2.24683895e+02 2.13867301e+02 2.27193400e+02 2.23096612e+02
 2.28271919e+02 2.31745430e+02 2.32638842e+02 2.27157453e+02
 2.26197910e+02 2.23282733e+02 2.19591147e+02 2.15291468e+02
 2.15137056e+02 2.16004424e+02 2.13770511e+02 2.14987534e+02
 2.13349742e+02 2.15484352e+02 2.37323416e+02]",5.275267089928319e+30,100
0.925953993543232,0.9979018840119278,0.9705500545468345,-0.0024494613331420734,-0.8820097618992208,951161175.2914518,0.998018151783062,64.49970385129524,0.925953993543232,"[2.16128256e+15 7.87823895e+11 2.46642960e+11 2.70488645e+11
 6.89043695e+10 6.27371421e+10 5.15653925e+10 4.03836061e+10
 5.73134458e+10 3.99467748e+10 3.00072874e+10 2.40488637e+10
 2.79328611e+10 2.19176903e+10 1.87362447e+10 1.48300033e+10
 2.00771205e+10 1.50110965e+10 5.33814276e+09 1.78633251e+09
 1.43419039e+09 1.41154644e+09 1.48507896e+09 1.72417952e+09
 1.47023563e+09 1.11650669e+09 9.97132074e+08 1.00074506e+09
 7.55644153e+08 6.43552800e+08 6.85865695e+08 5.19235828e+08
 5.36919837e+08 6.09709297e+08 6.37128794e+08 3.89485767e+08
 4.31687789e+08 5.00033020e+08 4.27181943e+08 4.36656237e+08
 3.42904168e+08 3.57662474e+08 3.01951425e+08 1.03529340e+08
 3.36416097e+07 2.74573123e+07 3.36098234e+07 2.97649400e+07
 2.62886634e+07 3.04637277e+07 2.64811360e+07 2.28952246e+07
 1.93378080e+07 1.98965554e+07 1.32820012e+07 1.49205033e+07
 1.32069679e+07 1.26848797e+07 1.25798539e+07 1.05983736e+07
 8.86087154e+06 9.86346075e+06 9.18281705e+06 7.80478803e+06
 6.20724488e+06 5.96304318e+06 4.32235307e+06 3.77907048e+06
 3.80206986e+06 3.14781379e+06 3.40563526e+06 3.23229541e+06
 2.81026342e+06 2.94130255e+06 2.66181012e+06 2.87843202e+06
 2.48660060e+06 2.60748245e+06 2.98308703e+06 2.42218268e+06
 2.89823935e+06 2.40201691e+06 2.19025498e+06 2.51912905e+06
 2.95975066e+06 2.10614921e+06 2.16772248e+06 1.86817380e+06
 1.71794559e+06 1.41477224e+06 1.27876496e+06 1.40320000e+06
 1.52338521e+06 1.47675137e+06 1.66561769e+06 1.52294094e+06
 1.92403437e+06 1.63212553e+06 1.26297951e+06 1.44011564e+06
 1.50419904e+06 1.33609700e+06 1.24947720e+06 1.13988702e+06
 1.11806811e+06 1.07517392e+06 1.02533652e+06 9.74996885e+05
 9.40600120e+05 9.60364706e+05 8.90023889e+05 9.10430824e+05
 9.01688342e+05 8.33993359e+05 8.06933680e+05 8.32424920e+05
 8.45402831e+05 8.44740279e+05 9.48572106e+05 8.67199629e+05
 7.51052310e+05 8.91393865e+05 8.35763362e+05 8.39854239e+05
 8.39906697e+05 8.34917696e+05 7.64649621e+05 7.52380587e+05
 7.58163690e+05 7.31065502e+05 6.87210898e+05 6.93202269e+05
 5.50482399e+05 6.05658954e+05 6.18385178e+05 5.70738972e+05
 5.11523260e+05 5.29967937e+05 4.99811656e+05 4.72916168e+05
 4.91418767e+05 4.67593766e+05 4.76315238e+05 4.80541525e+05
 4.46463292e+05 4.34067709e+05 4.36015552e+05 4.51306211e+05
 4.10687724e+05 4.26111675e+05 4.54133595e+05 4.01579659e+05
 4.50314018e+05 3.96108002e+05 3.75810646e+05 4.15154313e+05
 4.30590677e+05 3.63350523e+05 3.60351903e+05 3.50320239e+05
 3.40929914e+05 3.04171436e+05 3.14235750e+05 3.01381454e+05
 3.19970094e+05 3.14732294e+05 3.33489420e+05 3.38627565e+05
 3.65261047e+05 3.35481370e+05 2.98635563e+05 3.17367403e+05
 3.49380115e+05 3.00007829e+05 3.10670964e+05 3.05649306e+05
 2.74674112e+05 2.93475942e+05 2.73091887e+05 2.76117134e+05
 2.65636594e+05 2.70841206e+05 2.61726582e+05 2.57243660e+05
 2.67611405e+05 2.53822209e+05 2.46197691e+05 2.50651475e+05
 2.47194565e+05 2.51722752e+05 2.69046959e+05 2.45034186e+05
 2.34764970e+05 2.57927675e+05 2.52594556e+05 2.53137128e+05
 2.55259698e+05 2.51097945e+05 2.46438353e+05 2.42796757e+05
 2.52720610e+05 2.39918960e+05 2.24062952e+05 2.28325887e+05
 1.97136317e+05 2.16057514e+05 2.15104399e+05 2.04018036e+05
 1.93670101e+05 1.95001690e+05 2.01868535e+05 1.94732647e+05
 2.03631624e+05 1.97527490e+05 1.86939489e+05 2.02366997e+05
 1.90120554e+05 1.88834312e+05 1.98300564e+05 1.83923187e+05
 1.85843260e+05 1.84863064e+05 1.90731780e+05 1.86086883e+05
 1.91166070e+05 1.80486231e+05 1.70684974e+05 1.81735616e+05
 1.90205203e+05 1.69940884e+05 1.70648091e+05 1.65761658e+05
 1.63493399e+05 1.57922697e+05 1.66027139e+05 1.62138968e+05
 1.58531923e+05 1.65555743e+05 1.66967855e+05 1.70766964e+05
 1.84915236e+05 1.74068652e+05 1.67864130e+05 1.71938486e+05
 1.70529619e+05 1.68639488e+05 1.64130009e+05 1.71392721e+05
 1.51534006e+05 1.62784443e+05 1.57955866e+05 1.55857436e+05
 1.52732407e+05 1.56509411e+05 1.50647985e+05 1.47376077e+05
 8.23528725e+04 2.07634849e+03 1.26093047e+03 1.03018727e+03
 9.03968079e+02 8.04938128e+02 6.74673568e+02 6.10991082e+02
 5.64337357e+02 5.32127594e+02 5.17174736e+02 4.86013589e+02
 4.84975078e+02 4.58856756e+02 4.38049512e+02 4.39512312e+02
 4.35005055e+02 4.16477209e+02 4.05319089e+02 4.00431708e+02
 3.95427835e+02 3.82071116e+02 3.72273177e+02 3.68230126e+02
 3.76416966e+02 3.60242462e+02 3.46297268e+02 3.43685915e+02
 3.46824624e+02 3.28373615e+02 3.22288949e+02 3.17903809e+02
 3.11267124e+02 3.06682967e+02 3.03186138e+02 2.98269401e+02
 2.99423603e+02 2.89976919e+02 2.90234300e+02 2.90259818e+02
 2.79971208e+02 2.85165130e+02 2.77964402e+02 2.76175564e+02
 2.74871426e+02 2.68583103e+02 2.69720146e+02 2.70076044e+02
 2.66782269e+02 2.70651706e+02 2.64542518e+02 2.62620407e+02
 2.60801972e+02 2.60601693e+02 2.56837376e+02 2.56503626e+02
 2.56294995e+02 2.50302311e+02 2.51132865e+02 2.54010480e+02
 2.47151999e+02 2.48875780e+02 2.46929911e+02 2.48820136e+02
 2.40462615e+02 2.41238758e+02 2.41591412e+02 2.37060714e+02
 2.37087471e+02 2.29585314e+02 2.33015940e+02 2.26643404e+02
 2.29815550e+02 2.30406885e+02 2.25106691e+02 2.30424424e+02
 2.23827713e+02 2.26677985e+02 2.24022569e+02 2.24524348e+02
 2.24388707e+02 2.21084827e+02 2.24563736e+02 2.24125802e+02
 2.16869421e+02 2.20292426e+02 2.21307998e+02 2.16376173e+02
 2.24683895e+02 2.13867301e+02 2.27193400e+02 2.23096612e+02
 2.28271919e+02 2.31745430e+02 2.32638842e+02 2.27157453e+02
 2.26197910e+02 2.23282733e+02 2.19591147e+02 2.15291468e+02
 2.15137056e+02 2.16004424e+02 2.13770511e+02 2.14987534e+02
 2.13349742e+02 2.15484352e+02 2.37323416e+02]",5.275270724384138e+30,150
0.9165345251160989,0.9978915721178041,0.9715627906224302,-0.0023399716717963613,-0.8821857290938278,944552299.610196,0.9981344349147024,64.64202463531967,0.9165345251160989,"[2.16070995e+15 7.88838888e+11 2.47127116e+11 2.71174495e+11
 6.92018962e+10 6.28881041e+10 5.17634996e+10 4.05671159e+10
 5.78957647e+10 4.11612797e+10 3.09562987e+10 2.48972300e+10
 2.90154602e+10 2.27515627e+10 1.91585267e+10 1.53086454e+10
 2.05686283e+10 1.54148474e+10 6.53056621e+09 3.19939463e+09
 2.61948172e+09 2.62358534e+09 2.77704224e+09 3.27549689e+09
 2.88712826e+09 2.18345934e+09 2.08531534e+09 2.12601601e+09
 1.61993135e+09 1.44662595e+09 1.55669833e+09 1.21010502e+09
 1.25732565e+09 1.41448613e+09 1.48521202e+09 8.74197925e+08
 9.62929088e+08 1.14578797e+09 1.00010682e+09 1.03828348e+09
 8.78371975e+08 8.74288699e+08 7.45801590e+08 2.46579322e+08
 6.19506406e+07 5.31157106e+07 5.78258417e+07 5.29247153e+07
 4.60469823e+07 4.94520745e+07 4.23717403e+07 3.27249751e+07
 3.04724076e+07 2.55434056e+07 1.61372790e+07 1.67751416e+07
 1.55292075e+07 1.47772967e+07 1.48055462e+07 1.25749340e+07
 1.05138775e+07 1.15309797e+07 1.07790860e+07 9.25856888e+06
 7.52055747e+06 7.41439098e+06 4.79567101e+06 3.84553038e+06
 3.85174304e+06 3.19079352e+06 3.45307447e+06 3.26543864e+06
 2.82312859e+06 2.94183163e+06 2.66210583e+06 2.87854534e+06
 2.48690243e+06 2.60759660e+06 2.98325281e+06 2.42235306e+06
 2.89857512e+06 2.40203347e+06 2.19036135e+06 2.51926121e+06
 2.95981438e+06 2.10615869e+06 2.16776152e+06 1.86817380e+06
 1.71794559e+06 1.41477224e+06 1.27876496e+06 1.40320000e+06
 1.52338521e+06 1.47675137e+06 1.66561769e+06 1.52294094e+06
 1.92403437e+06 1.63212553e+06 1.26297951e+06 1.44011564e+06
 1.50419904e+06 1.33609700e+06 1.24947720e+06 1.13988702e+06
 1.11806811e+06 1.07517392e+06 1.02533652e+06 9.74996885e+05
 9.40600120e+05 9.60364706e+05 8.90023889e+05 9.10430824e+05
 9.01688342e+05 8.33993359e+05 8.06933680e+05 8.32424920e+05
 8.45402831e+05 8.44740279e+05 9.48572106e+05 8.67199629e+05
 7.51052310e+05 8.91393865e+05 8.35763362e+05 8.39854239e+05
 8.39906697e+05 8.34917696e+05 7.64649621e+05 7.52380587e+05
 7.58163690e+05 7.31065502e+05 6.87210898e+05 6.93202269e+05
 5.50482399e+05 6.05658954e+05 6.18385178e+05 5.70738972e+05
 5.11523260e+05 5.29967937e+05 4.99811656e+05 4.72916168e+05
 4.91418767e+05 4.67593766e+05 4.76315238e+05 4.80541525e+05
 4.46463292e+05 4.34067709e+05 4.36015552e+05 4.51306211e+05
 4.10687724e+05 4.26111675e+05 4.54133595e+05 4.01579659e+05
 4.50314018e+05 3.96108002e+05 3.75810646e+05 4.15154313e+05
 4.30590677e+05 3.63350523e+05 3.60351903e+05 3.50320239e+05
 3.40929914e+05 3.04171436e+05 3.14235750e+05 3.01381454e+05
 3.19970094e+05 3.14732294e+05 3.33489420e+05 3.38627565e+05
 3.65261047e+05 3.35481370e+05 2.98635563e+05 3.17367403e+05
 3.49380115e+05 3.00007829e+05 3.10670964e+05 3.05649306e+05
 2.74674112e+05 2.93475942e+05 2.73091887e+05 2.76117134e+05
 2.65636594e+05 2.70841206e+05 2.61726582e+05 2.57243660e+05
 2.67611405e+05 2.53822209e+05 2.46197691e+05 2.50651475e+05
 2.47194565e+05 2.51722752e+05 2.69046959e+05 2.45034186e+05
 2.34764970e+05 2.57927675e+05 2.52594556e+05 2.53137128e+05
 2.55259698e+05 2.51097945e+05 2.46438353e+05 2.42796757e+05
 2.52720610e+05 2.39918960e+05 2.24062952e+05 2.28325887e+05
 1.97136317e+05 2.16057514e+05 2.15104399e+05 2.04018036e+05
 1.93670101e+05 1.95001690e+05 2.01868535e+05 1.94732647e+05
 2.03631624e+05 1.97527490e+05 1.86939489e+05 2.02366997e+05
 1.90120554e+05 1.88834312e+05 1.98300564e+05 1.83923187e+05
 1.85843260e+05 1.84863064e+05 1.90731780e+05 1.86086883e+05
 1.91166070e+05 1.80486231e+05 1.70684974e+05 1.81735616e+05
 1.90205203e+05 1.69940884e+05 1.70648091e+05 1.65761658e+05
 1.63493399e+05 1.57922697e+05 1.66027139e+05 1.62138968e+05
 1.58531923e+05 1.65555743e+05 1.66967855e+05 1.70766964e+05
 1.84915236e+05 1.74068652e+05 1.67864130e+05 1.71938486e+05
 1.70529619e+05 1.68639488e+05 1.64130009e+05 1.71392721e+05
 1.51534006e+05 1.62784443e+05 1.57955866e+05 1.55857436e+05
 1.52732407e+05 1.56509411e+05 1.50647985e+05 1.47376077e+05
 8.23528725e+04 2.07634849e+03 1.26093047e+03 1.03018727e+03
 9.03968079e+02 8.04938128e+02 6.74673568e+02 6.10991082e+02
 5.64337357e+02 5.32127594e+02 5.17174736e+02 4.86013589e+02
 4.84975078e+02 4.58856756e+02 4.38049512e+02 4.39512312e+02
 4.35005055e+02 4.16477209e+02 4.05319089e+02 4.00431708e+02
 3.95427835e+02 3.82071116e+02 3.72273177e+02 3.68230126e+02
 3.76416966e+02 3.60242462e+02 3.46297268e+02 3.43685915e+02
 3.46824624e+02 3.28373615e+02 3.22288949e+02 3.17903809e+02
 3.11267124e+02 3.06682967e+02 3.03186138e+02 2.98269401e+02
 2.99423603e+02 2.89976919e+02 2.90234300e+02 2.90259818e+02
 2.79971208e+02 2.85165130e+02 2.77964402e+02 2.76175564e+02
 2.74871426e+02 2.68583103e+02 2.69720146e+02 2.70076044e+02
 2.66782269e+02 2.70651706e+02 2.64542518e+02 2.62620407e+02
 2.60801972e+02 2.60601693e+02 2.56837376e+02 2.56503626e+02
 2.56294995e+02 2.50302311e+02 2.51132865e+02 2.54010480e+02
 2.47151999e+02 2.48875780e+02 2.46929911e+02 2.48820136e+02
 2.40462615e+02 2.41238758e+02 2.41591412e+02 2.37060714e+02
 2.37087471e+02 2.29585314e+02 2.33015940e+02 2.26643404e+02
 2.29815550e+02 2.30406885e+02 2.25106691e+02 2.30424424e+02
 2.23827713e+02 2.26677985e+02 2.24022569e+02 2.24524348e+02
 2.24388707e+02 2.21084827e+02 2.24563736e+02 2.24125802e+02
 2.16869421e+02 2.20292426e+02 2.21307998e+02 2.16376173e+02
 2.24683895e+02 2.13867301e+02 2.27193400e+02 2.23096612e+02
 2.28271919e+02 2.31745430e+02 2.32638842e+02 2.27157453e+02
 2.26197910e+02 2.23282733e+02 2.19591147e+02 2.15291468e+02
 2.15137056e+02 2.16004424e+02 2.13770511e+02 2.14987534e+02
 2.13349742e+02 2.15484352e+02 2.37323416e+02]",5.275277603238383e+30,200
0.9084349654046842,0.997984875446879,0.9723227039882116,-0.002636157731321645,-0.8823738184330573,941407603.1756811,0.9982324340318615,64.76035210643603,0.9084349654046842,"[2.15989527e+15 7.89331635e+11 2.47804027e+11 2.72128378e+11
 6.95874879e+10 6.31606526e+10 5.21737144e+10 4.09847925e+10
 5.87772448e+10 4.29850396e+10 3.24215195e+10 2.59863329e+10
 3.04035324e+10 2.38197643e+10 1.97701848e+10 1.59824108e+10
 2.12575216e+10 1.59415969e+10 7.75976485e+09 4.72885605e+09
 3.83218567e+09 3.88965896e+09 4.16229888e+09 5.01696097e+09
 4.45545742e+09 3.33147034e+09 3.42901810e+09 3.47656643e+09
 2.60948409e+09 2.40582153e+09 2.51785856e+09 1.98917141e+09
 2.00080849e+09 2.29929767e+09 2.42717985e+09 1.40264416e+09
 1.55890958e+09 1.83152663e+09 1.67022111e+09 1.71947295e+09
 1.47246627e+09 1.42991097e+09 1.23532329e+09 4.32811642e+08
 1.34799932e+08 1.25053470e+08 1.19108224e+08 1.17415673e+08
 9.92448864e+07 1.02529326e+08 8.40741767e+07 5.76873822e+07
 5.99142293e+07 3.99272612e+07 2.32173816e+07 1.97876475e+07
 1.94386902e+07 1.77684977e+07 1.81840356e+07 1.56857075e+07
 1.33834441e+07 1.45592678e+07 1.33611915e+07 1.16960937e+07
 9.93270241e+06 1.01479978e+07 6.59336686e+06 4.20104298e+06
 4.11434172e+06 3.44717187e+06 3.69716704e+06 3.43840527e+06
 2.90526301e+06 2.94536450e+06 2.66325200e+06 2.87919166e+06
 2.48799754e+06 2.60826423e+06 2.98425279e+06 2.42312371e+06
 2.89981908e+06 2.40229032e+06 2.19080215e+06 2.51978516e+06
 2.96021823e+06 2.10632526e+06 2.16792122e+06 1.86817380e+06
 1.71794559e+06 1.41477224e+06 1.27876496e+06 1.40320000e+06
 1.52338521e+06 1.47675137e+06 1.66561769e+06 1.52294094e+06
 1.92403437e+06 1.63212553e+06 1.26297951e+06 1.44011564e+06
 1.50419904e+06 1.33609700e+06 1.24947720e+06 1.13988702e+06
 1.11806811e+06 1.07517392e+06 1.02533652e+06 9.74996885e+05
 9.40600120e+05 9.60364706e+05 8.90023889e+05 9.10430824e+05
 9.01688342e+05 8.33993359e+05 8.06933680e+05 8.32424920e+05
 8.45402831e+05 8.44740279e+05 9.48572106e+05 8.67199629e+05
 7.51052310e+05 8.91393865e+05 8.35763362e+05 8.39854239e+05
 8.39906697e+05 8.34917696e+05 7.64649621e+05 7.52380587e+05
 7.58163690e+05 7.31065502e+05 6.87210898e+05 6.93202269e+05
 5.50482399e+05 6.05658954e+05 6.18385178e+05 5.70738972e+05
 5.11523260e+05 5.29967937e+05 4.99811656e+05 4.72916168e+05
 4.91418767e+05 4.67593766e+05 4.76315238e+05 4.80541525e+05
 4.46463292e+05 4.34067709e+05 4.36015552e+05 4.51306211e+05
 4.10687724e+05 4.26111675e+05 4.54133595e+05 4.01579659e+05
 4.50314018e+05 3.96108002e+05 3.75810646e+05 4.15154313e+05
 4.30590677e+05 3.63350523e+05 3.60351903e+05 3.50320239e+05
 3.40929914e+05 3.04171436e+05 3.14235750e+05 3.01381454e+05
 3.19970094e+05 3.14732294e+05 3.33489420e+05 3.38627565e+05
 3.65261047e+05 3.35481370e+05 2.98635563e+05 3.17367403e+05
 3.49380115e+05 3.00007829e+05 3.10670964e+05 3.05649306e+05
 2.74674112e+05 2.93475942e+05 2.73091887e+05 2.76117134e+05
 2.65636594e+05 2.70841206e+05 2.61726582e+05 2.57243660e+05
 2.67611405e+05 2.53822209e+05 2.46197691e+05 2.50651475e+05
 2.47194565e+05 2.51722752e+05 2.69046959e+05 2.45034186e+05
 2.34764970e+05 2.57927675e+05 2.52594556e+05 2.53137128e+05
 2.55259698e+05 2.51097945e+05 2.46438353e+05 2.42796757e+05
 2.52720610e+05 2.39918960e+05 2.24062952e+05 2.28325887e+05
 1.97136317e+05 2.16057514e+05 2.15104399e+05 2.04018036e+05
 1.93670101e+05 1.95001690e+05 2.01868535e+05 1.94732647e+05
 2.03631624e+05 1.97527490e+05 1.86939489e+05 2.02366997e+05
 1.90120554e+05 1.88834312e+05 1.98300564e+05 1.83923187e+05
 1.85843260e+05 1.84863064e+05 1.90731780e+05 1.86086883e+05
 1.91166070e+05 1.80486231e+05 1.70684974e+05 1.81735616e+05
 1.90205203e+05 1.69940884e+05 1.70648091e+05 1.65761658e+05
 1.63493399e+05 1.57922697e+05 1.66027139e+05 1.62138968e+05
 1.58531923e+05 1.65555743e+05 1.66967855e+05 1.70766964e+05
 1.84915236e+05 1.74068652e+05 1.67864130e+05 1.71938486e+05
 1.70529619e+05 1.68639488e+05 1.64130009e+05 1.71392721e+05
 1.51534006e+05 1.62784443e+05 1.57955866e+05 1.55857436e+05
 1.52732407e+05 1.56509411e+05 1.50647985e+05 1.47376077e+05
 8.23528725e+04 2.07634849e+03 1.26093047e+03 1.03018727e+03
 9.03968079e+02 8.04938128e+02 6.74673568e+02 6.10991082e+02
 5.64337357e+02 5.32127594e+02 5.17174736e+02 4.86013589e+02
 4.84975078e+02 4.58856756e+02 4.38049512e+02 4.39512312e+02
 4.35005055e+02 4.16477209e+02 4.05319089e+02 4.00431708e+02
 3.95427835e+02 3.82071116e+02 3.72273177e+02 3.68230126e+02
 3.76416966e+02 3.60242462e+02 3.46297268e+02 3.43685915e+02
 3.46824624e+02 3.28373615e+02 3.22288949e+02 3.17903809e+02
 3.11267124e+02 3.06682967e+02 3.03186138e+02 2.98269401e+02
 2.99423603e+02 2.89976919e+02 2.90234300e+02 2.90259818e+02
 2.79971208e+02 2.85165130e+02 2.77964402e+02 2.76175564e+02
 2.74871426e+02 2.68583103e+02 2.69720146e+02 2.70076044e+02
 2.66782269e+02 2.70651706e+02 2.64542518e+02 2.62620407e+02
 2.60801972e+02 2.60601693e+02 2.56837376e+02 2.56503626e+02
 2.56294995e+02 2.50302311e+02 2.51132865e+02 2.54010480e+02
 2.47151999e+02 2.48875780e+02 2.46929911e+02 2.48820136e+02
 2.40462615e+02 2.41238758e+02 2.41591412e+02 2.37060714e+02
 2.37087471e+02 2.29585314e+02 2.33015940e+02 2.26643404e+02
 2.29815550e+02 2.30406885e+02 2.25106691e+02 2.30424424e+02
 2.23827713e+02 2.26677985e+02 2.24022569e+02 2.24524348e+02
 2.24388707e+02 2.21084827e+02 2.24563736e+02 2.24125802e+02
 2.16869421e+02 2.20292426e+02 2.21307998e+02 2.16376173e+02
 2.24683895e+02 2.13867301e+02 2.27193400e+02 2.23096612e+02
 2.28271919e+02 2.31745430e+02 2.32638842e+02 2.27157453e+02
 2.26197910e+02 2.23282733e+02 2.19591147e+02 2.15291468e+02
 2.15137056e+02 2.16004424e+02 2.13770511e+02 2.14987534e+02
 2.13349742e+02 2.15484352e+02 2.37323416e+02]",5.275287490652449e+30,250
0.9027617462169578,0.9979619360494892,0.9727902158737152,-0.0024702485575357046,-0.8824832858495549,942062162.2029661,0.9983049697865787,64.8436945611486,0.9027617462169578,"[2.15860277e+15 7.88683908e+11 2.48877290e+11 2.73736517e+11
 7.01345059e+10 6.35496932e+10 5.29220164e+10 4.18736239e+10
 6.02307280e+10 4.56758330e+10 3.47472351e+10 2.76089734e+10
 3.24225422e+10 2.54221441e+10 2.07780983e+10 1.70495608e+10
 2.24368397e+10 1.67819653e+10 9.04355979e+09 6.28871167e+09
 4.96977162e+09 5.13588706e+09 5.42409889e+09 6.64029145e+09
 5.94709986e+09 4.40410337e+09 4.75798112e+09 4.85162386e+09
 3.57741468e+09 3.41493335e+09 3.43643503e+09 2.77769147e+09
 2.64230817e+09 3.06135369e+09 3.29454163e+09 1.93760090e+09
 2.11168619e+09 2.49657631e+09 2.33341078e+09 2.37131864e+09
 2.02764847e+09 1.94111694e+09 1.68898010e+09 6.12693778e+08
 2.32378923e+08 2.22884705e+08 1.99744872e+08 2.09135613e+08
 1.71082776e+08 1.77970306e+08 1.40557746e+08 9.03535630e+07
 9.97962033e+07 6.01461902e+07 3.42923879e+07 2.48951865e+07
 2.55557917e+07 2.20525468e+07 2.29806203e+07 2.00079093e+07
 1.73090749e+07 1.90108917e+07 1.73379145e+07 1.54797832e+07
 1.36421731e+07 1.41808394e+07 1.00744753e+07 5.20635208e+06
 4.86902859e+06 4.19915289e+06 4.39382169e+06 3.93284655e+06
 3.17788912e+06 2.96321033e+06 2.66705162e+06 2.88179284e+06
 2.49114236e+06 2.61070661e+06 2.98746671e+06 2.42559931e+06
 2.90333610e+06 2.40351448e+06 2.19206374e+06 2.52138774e+06
 2.96159699e+06 2.10698730e+06 2.16838709e+06 1.86817380e+06
 1.71794559e+06 1.41477224e+06 1.27876496e+06 1.40320000e+06
 1.52338521e+06 1.47675137e+06 1.66561769e+06 1.52294094e+06
 1.92403437e+06 1.63212553e+06 1.26297951e+06 1.44011564e+06
 1.50419904e+06 1.33609700e+06 1.24947720e+06 1.13988702e+06
 1.11806811e+06 1.07517392e+06 1.02533652e+06 9.74996885e+05
 9.40600120e+05 9.60364706e+05 8.90023889e+05 9.10430824e+05
 9.01688342e+05 8.33993359e+05 8.06933680e+05 8.32424920e+05
 8.45402831e+05 8.44740279e+05 9.48572106e+05 8.67199629e+05
 7.51052310e+05 8.91393865e+05 8.35763362e+05 8.39854239e+05
 8.39906697e+05 8.34917696e+05 7.64649621e+05 7.52380587e+05
 7.58163690e+05 7.31065502e+05 6.87210898e+05 6.93202269e+05
 5.50482399e+05 6.05658954e+05 6.18385178e+05 5.70738972e+05
 5.11523260e+05 5.29967937e+05 4.99811656e+05 4.72916168e+05
 4.91418767e+05 4.67593766e+05 4.76315238e+05 4.80541525e+05
 4.46463292e+05 4.34067709e+05 4.36015552e+05 4.51306211e+05
 4.10687724e+05 4.26111675e+05 4.54133595e+05 4.01579659e+05
 4.50314018e+05 3.96108002e+05 3.75810646e+05 4.15154313e+05
 4.30590677e+05 3.63350523e+05 3.60351903e+05 3.50320239e+05
 3.40929914e+05 3.04171436e+05 3.14235750e+05 3.01381454e+05
 3.19970094e+05 3.14732294e+05 3.33489420e+05 3.38627565e+05
 3.65261047e+05 3.35481370e+05 2.98635563e+05 3.17367403e+05
 3.49380115e+05 3.00007829e+05 3.10670964e+05 3.05649306e+05
 2.74674112e+05 2.93475942e+05 2.73091887e+05 2.76117134e+05
 2.65636594e+05 2.70841206e+05 2.61726582e+05 2.57243660e+05
 2.67611405e+05 2.53822209e+05 2.46197691e+05 2.50651475e+05
 2.47194565e+05 2.51722752e+05 2.69046959e+05 2.45034186e+05
 2.34764970e+05 2.57927675e+05 2.52594556e+05 2.53137128e+05
 2.55259698e+05 2.51097945e+05 2.46438353e+05 2.42796757e+05
 2.52720610e+05 2.39918960e+05 2.24062952e+05 2.28325887e+05
 1.97136317e+05 2.16057514e+05 2.15104399e+05 2.04018036e+05
 1.93670101e+05 1.95001690e+05 2.01868535e+05 1.94732647e+05
 2.03631624e+05 1.97527490e+05 1.86939489e+05 2.02366997e+05
 1.90120554e+05 1.88834312e+05 1.98300564e+05 1.83923187e+05
 1.85843260e+05 1.84863064e+05 1.90731780e+05 1.86086883e+05
 1.91166070e+05 1.80486231e+05 1.70684974e+05 1.81735616e+05
 1.90205203e+05 1.69940884e+05 1.70648091e+05 1.65761658e+05
 1.63493399e+05 1.57922697e+05 1.66027139e+05 1.62138968e+05
 1.58531923e+05 1.65555743e+05 1.66967855e+05 1.70766964e+05
 1.84915236e+05 1.74068652e+05 1.67864130e+05 1.71938486e+05
 1.70529619e+05 1.68639488e+05 1.64130009e+05 1.71392721e+05
 1.51534006e+05 1.62784443e+05 1.57955866e+05 1.55857436e+05
 1.52732407e+05 1.56509411e+05 1.50647985e+05 1.47376077e+05
 8.23528725e+04 2.07634849e+03 1.26093047e+03 1.03018727e+03
 9.03968079e+02 8.04938128e+02 6.74673568e+02 6.10991082e+02
 5.64337357e+02 5.32127594e+02 5.17174736e+02 4.86013589e+02
 4.84975078e+02 4.58856756e+02 4.38049512e+02 4.39512312e+02
 4.35005055e+02 4.16477209e+02 4.05319089e+02 4.00431708e+02
 3.95427835e+02 3.82071116e+02 3.72273177e+02 3.68230126e+02
 3.76416966e+02 3.60242462e+02 3.46297268e+02 3.43685915e+02
 3.46824624e+02 3.28373615e+02 3.22288949e+02 3.17903809e+02
 3.11267124e+02 3.06682967e+02 3.03186138e+02 2.98269401e+02
 2.99423603e+02 2.89976919e+02 2.90234300e+02 2.90259818e+02
 2.79971208e+02 2.85165130e+02 2.77964402e+02 2.76175564e+02
 2.74871426e+02 2.68583103e+02 2.69720146e+02 2.70076044e+02
 2.66782269e+02 2.70651706e+02 2.64542518e+02 2.62620407e+02
 2.60801972e+02 2.60601693e+02 2.56837376e+02 2.56503626e+02
 2.56294995e+02 2.50302311e+02 2.51132865e+02 2.54010480e+02
 2.47151999e+02 2.48875780e+02 2.46929911e+02 2.48820136e+02
 2.40462615e+02 2.41238758e+02 2.41591412e+02 2.37060714e+02
 2.37087471e+02 2.29585314e+02 2.33015940e+02 2.26643404e+02
 2.29815550e+02 2.30406885e+02 2.25106691e+02 2.30424424e+02
 2.23827713e+02 2.26677985e+02 2.24022569e+02 2.24524348e+02
 2.24388707e+02 2.21084827e+02 2.24563736e+02 2.24125802e+02
 2.16869421e+02 2.20292426e+02 2.21307998e+02 2.16376173e+02
 2.24683895e+02 2.13867301e+02 2.27193400e+02 2.23096612e+02
 2.28271919e+02 2.31745430e+02 2.32638842e+02 2.27157453e+02
 2.26197910e+02 2.23282733e+02 2.19591147e+02 2.15291468e+02
 2.15137056e+02 2.16004424e+02 2.13770511e+02 2.14987534e+02
 2.13349742e+02 2.15484352e+02 2.37323416e+02]",5.275303399350811e+30,300
0.8992215693697344,0.9978714405064465,0.9730423127570572,-0.0022578386388653216,-0.8825850283428532,945570826.1855863,0.9983562589116236,64.89785770232945,0.8992215693697344,"[2.15683393e+15 7.87326980e+11 2.50470629e+11 2.75878592e+11
 7.09080060e+10 6.40431846e+10 5.40337534e+10 4.33241224e+10
 6.22785901e+10 4.91928611e+10 3.78158431e+10 2.97405807e+10
 3.50193556e+10 2.75799506e+10 2.20996047e+10 1.85170073e+10
 2.41255611e+10 1.79034720e+10 1.02852296e+10 7.79674485e+09
 5.98519759e+09 6.28915562e+09 6.44732368e+09 7.91006172e+09
 7.20285670e+09 5.29738117e+09 5.90999527e+09 6.06557227e+09
 4.42856134e+09 4.37322227e+09 4.21561258e+09 3.47745918e+09
 3.11562535e+09 3.62534716e+09 3.97894181e+09 2.40746122e+09
 2.57255712e+09 3.08246244e+09 2.89585852e+09 2.89579551e+09
 2.48602152e+09 2.36262977e+09 2.05489632e+09 7.63967890e+08
 3.27914340e+08 3.16014317e+08 2.78372246e+08 3.06861860e+08
 2.45685453e+08 2.55610192e+08 2.01156440e+08 1.25271451e+08
 1.43368228e+08 8.38915131e+07 4.91376124e+07 3.26102002e+07
 3.44211937e+07 2.82015365e+07 2.94207580e+07 2.57140549e+07
 2.22444588e+07 2.48561387e+07 2.31306066e+07 2.10276392e+07
 1.88149902e+07 1.95000735e+07 1.50093226e+07 7.02055687e+06
 6.25091807e+06 5.59028996e+06 5.69923187e+06 4.86063149e+06
 3.74684346e+06 3.01472800e+06 2.67671330e+06 2.88876426e+06
 2.49844456e+06 2.61696778e+06 2.99499459e+06 2.43180421e+06
 2.91140941e+06 2.40694975e+06 2.19492494e+06 2.52520479e+06
 2.96493210e+06 2.10866833e+06 2.16943260e+06 1.86817380e+06
 1.71794559e+06 1.41477224e+06 1.27876496e+06 1.40320000e+06
 1.52338521e+06 1.47675137e+06 1.66561769e+06 1.52294094e+06
 1.92403437e+06 1.63212553e+06 1.26297951e+06 1.44011564e+06
 1.50419904e+06 1.33609700e+06 1.24947720e+06 1.13988702e+06
 1.11806811e+06 1.07517392e+06 1.02533652e+06 9.74996885e+05
 9.40600120e+05 9.60364706e+05 8.90023889e+05 9.10430824e+05
 9.01688342e+05 8.33993359e+05 8.06933680e+05 8.32424920e+05
 8.45402831e+05 8.44740279e+05 9.48572106e+05 8.67199629e+05
 7.51052310e+05 8.91393865e+05 8.35763362e+05 8.39854239e+05
 8.39906697e+05 8.34917696e+05 7.64649621e+05 7.52380587e+05
 7.58163690e+05 7.31065502e+05 6.87210898e+05 6.93202269e+05
 5.50482399e+05 6.05658954e+05 6.18385178e+05 5.70738972e+05
 5.11523260e+05 5.29967937e+05 4.99811656e+05 4.72916168e+05
 4.91418767e+05 4.67593766e+05 4.76315238e+05 4.80541525e+05
 4.46463292e+05 4.34067709e+05 4.36015552e+05 4.51306211e+05
 4.10687724e+05 4.26111675e+05 4.54133595e+05 4.01579659e+05
 4.50314018e+05 3.96108002e+05 3.75810646e+05 4.15154313e+05
 4.30590677e+05 3.63350523e+05 3.60351903e+05 3.50320239e+05
 3.40929914e+05 3.04171436e+05 3.14235750e+05 3.01381454e+05
 3.19970094e+05 3.14732294e+05 3.33489420e+05 3.38627565e+05
 3.65261047e+05 3.35481370e+05 2.98635563e+05 3.17367403e+05
 3.49380115e+05 3.00007829e+05 3.10670964e+05 3.05649306e+05
 2.74674112e+05 2.93475942e+05 2.73091887e+05 2.76117134e+05
 2.65636594e+05 2.70841206e+05 2.61726582e+05 2.57243660e+05
 2.67611405e+05 2.53822209e+05 2.46197691e+05 2.50651475e+05
 2.47194565e+05 2.51722752e+05 2.69046959e+05 2.45034186e+05
 2.34764970e+05 2.57927675e+05 2.52594556e+05 2.53137128e+05
 2.55259698e+05 2.51097945e+05 2.46438353e+05 2.42796757e+05
 2.52720610e+05 2.39918960e+05 2.24062952e+05 2.28325887e+05
 1.97136317e+05 2.16057514e+05 2.15104399e+05 2.04018036e+05
 1.93670101e+05 1.95001690e+05 2.01868535e+05 1.94732647e+05
 2.03631624e+05 1.97527490e+05 1.86939489e+05 2.02366997e+05
 1.90120554e+05 1.88834312e+05 1.98300564e+05 1.83923187e+05
 1.85843260e+05 1.84863064e+05 1.90731780e+05 1.86086883e+05
 1.91166070e+05 1.80486231e+05 1.70684974e+05 1.81735616e+05
 1.90205203e+05 1.69940884e+05 1.70648091e+05 1.65761658e+05
 1.63493399e+05 1.57922697e+05 1.66027139e+05 1.62138968e+05
 1.58531923e+05 1.65555743e+05 1.66967855e+05 1.70766964e+05
 1.84915236e+05 1.74068652e+05 1.67864130e+05 1.71938486e+05
 1.70529619e+05 1.68639488e+05 1.64130009e+05 1.71392721e+05
 1.51534006e+05 1.62784443e+05 1.57955866e+05 1.55857436e+05
 1.52732407e+05 1.56509411e+05 1.50647985e+05 1.47376077e+05
 8.23528725e+04 2.07634849e+03 1.26093047e+03 1.03018727e+03
 9.03968079e+02 8.04938128e+02 6.74673568e+02 6.10991082e+02
 5.64337357e+02 5.32127594e+02 5.17174736e+02 4.86013589e+02
 4.84975078e+02 4.58856756e+02 4.38049512e+02 4.39512312e+02
 4.35005055e+02 4.16477209e+02 4.05319089e+02 4.00431708e+02
 3.95427835e+02 3.82071116e+02 3.72273177e+02 3.68230126e+02
 3.76416966e+02 3.60242462e+02 3.46297268e+02 3.43685915e+02
 3.46824624e+02 3.28373615e+02 3.22288949e+02 3.17903809e+02
 3.11267124e+02 3.06682967e+02 3.03186138e+02 2.98269401e+02
 2.99423603e+02 2.89976919e+02 2.90234300e+02 2.90259818e+02
 2.79971208e+02 2.85165130e+02 2.77964402e+02 2.76175564e+02
 2.74871426e+02 2.68583103e+02 2.69720146e+02 2.70076044e+02
 2.66782269e+02 2.70651706e+02 2.64542518e+02 2.62620407e+02
 2.60801972e+02 2.60601693e+02 2.56837376e+02 2.56503626e+02
 2.56294995e+02 2.50302311e+02 2.51132865e+02 2.54010480e+02
 2.47151999e+02 2.48875780e+02 2.46929911e+02 2.48820136e+02
 2.40462615e+02 2.41238758e+02 2.41591412e+02 2.37060714e+02
 2.37087471e+02 2.29585314e+02 2.33015940e+02 2.26643404e+02
 2.29815550e+02 2.30406885e+02 2.25106691e+02 2.30424424e+02
 2.23827713e+02 2.26677985e+02 2.24022569e+02 2.24524348e+02
 2.24388707e+02 2.21084827e+02 2.24563736e+02 2.24125802e+02
 2.16869421e+02 2.20292426e+02 2.21307998e+02 2.16376173e+02
 2.24683895e+02 2.13867301e+02 2.27193400e+02 2.23096612e+02
 2.28271919e+02 2.31745430e+02 2.32638842e+02 2.27157453e+02
 2.26197910e+02 2.23282733e+02 2.19591147e+02 2.15291468e+02
 2.15137056e+02 2.16004424e+02 2.13770511e+02 2.14987534e+02
 2.13349742e+02 2.15484352e+02 2.37323416e+02]",5.275325347708205e+30,350
0.8967975802051085,0.9978853663523082,0.9731864766028302,-0.002184546448884136,-0.8826783543989183,950323421.8916173,0.9983947466271798,64.93588416040025,0.8967975802051085,"[2.15501297e+15 7.86445991e+11 2.52252604e+11 2.77935447e+11
 7.18838605e+10 6.46922228e+10 5.52760928e+10 4.50125837e+10
 6.43553981e+10 5.28062584e+10 4.07997977e+10 3.17400668e+10
 3.74475710e+10 2.97322233e+10 2.32801847e+10 2.01005708e+10
 2.59751149e+10 1.91225187e+10 1.13588540e+10 9.14251288e+09
 6.87793491e+09 7.32011154e+09 7.31316469e+09 8.87761189e+09
 8.23247127e+09 6.02035726e+09 6.87400495e+09 7.09373027e+09
 5.15257644e+09 5.23623997e+09 4.86825560e+09 4.10319173e+09
 3.47439062e+09 4.06743998e+09 4.51475114e+09 2.80409309e+09
 2.97828984e+09 3.58994584e+09 3.38373681e+09 3.32047801e+09
 2.87006847e+09 2.70267794e+09 2.33620097e+09 9.10107631e+08
 4.20100222e+08 4.03016425e+08 3.58211652e+08 4.08316109e+08
 3.24027916e+08 3.33665217e+08 2.64988323e+08 1.64148918e+08
 1.90831341e+08 1.12840154e+08 6.73903854e+07 4.31207180e+07
 4.61558896e+07 3.65956156e+07 3.78314612e+07 3.31342979e+07
 2.85453022e+07 3.24814857e+07 3.09969640e+07 2.84308576e+07
 2.55429520e+07 2.63031146e+07 2.11774833e+07 9.60964434e+06
 8.23898762e+06 7.62887508e+06 7.64693942e+06 6.23695994e+06
 4.62884000e+06 3.10984480e+06 2.69700131e+06 2.90376703e+06
 2.51291566e+06 2.62994384e+06 3.01002136e+06 2.44495841e+06
 2.92733047e+06 2.41445695e+06 2.20050292e+06 2.53263734e+06
 2.97146160e+06 2.11210507e+06 2.17137393e+06 1.86817380e+06
 1.71794559e+06 1.41477224e+06 1.27876496e+06 1.40320000e+06
 1.52338521e+06 1.47675137e+06 1.66561769e+06 1.52294094e+06
 1.92403437e+06 1.63212553e+06 1.26297951e+06 1.44011564e+06
 1.50419904e+06 1.33609700e+06 1.24947720e+06 1.13988702e+06
 1.11806811e+06 1.07517392e+06 1.02533652e+06 9.74996885e+05
 9.40600120e+05 9.60364706e+05 8.90023889e+05 9.10430824e+05
 9.01688342e+05 8.33993359e+05 8.06933680e+05 8.32424920e+05
 8.45402831e+05 8.44740279e+05 9.48572106e+05 8.67199629e+05
 7.51052310e+05 8.91393865e+05 8.35763362e+05 8.39854239e+05
 8.39906697e+05 8.34917696e+05 7.64649621e+05 7.52380587e+05
 7.58163690e+05 7.31065502e+05 6.87210898e+05 6.93202269e+05
 5.50482399e+05 6.05658954e+05 6.18385178e+05 5.70738972e+05
 5.11523260e+05 5.29967937e+05 4.99811656e+05 4.72916168e+05
 4.91418767e+05 4.67593766e+05 4.76315238e+05 4.80541525e+05
 4.46463292e+05 4.34067709e+05 4.36015552e+05 4.51306211e+05
 4.10687724e+05 4.26111675e+05 4.54133595e+05 4.01579659e+05
 4.50314018e+05 3.96108002e+05 3.75810646e+05 4.15154313e+05
 4.30590677e+05 3.63350523e+05 3.60351903e+05 3.50320239e+05
 3.40929914e+05 3.04171436e+05 3.14235750e+05 3.01381454e+05
 3.19970094e+05 3.14732294e+05 3.33489420e+05 3.38627565e+05
 3.65261047e+05 3.35481370e+05 2.98635563e+05 3.17367403e+05
 3.49380115e+05 3.00007829e+05 3.10670964e+05 3.05649306e+05
 2.74674112e+05 2.93475942e+05 2.73091887e+05 2.76117134e+05
 2.65636594e+05 2.70841206e+05 2.61726582e+05 2.57243660e+05
 2.67611405e+05 2.53822209e+05 2.46197691e+05 2.50651475e+05
 2.47194565e+05 2.51722752e+05 2.69046959e+05 2.45034186e+05
 2.34764970e+05 2.57927675e+05 2.52594556e+05 2.53137128e+05
 2.55259698e+05 2.51097945e+05 2.46438353e+05 2.42796757e+05
 2.52720610e+05 2.39918960e+05 2.24062952e+05 2.28325887e+05
 1.97136317e+05 2.16057514e+05 2.15104399e+05 2.04018036e+05
 1.93670101e+05 1.95001690e+05 2.01868535e+05 1.94732647e+05
 2.03631624e+05 1.97527490e+05 1.86939489e+05 2.02366997e+05
 1.90120554e+05 1.88834312e+05 1.98300564e+05 1.83923187e+05
 1.85843260e+05 1.84863064e+05 1.90731780e+05 1.86086883e+05
 1.91166070e+05 1.80486231e+05 1.70684974e+05 1.81735616e+05
 1.90205203e+05 1.69940884e+05 1.70648091e+05 1.65761658e+05
 1.63493399e+05 1.57922697e+05 1.66027139e+05 1.62138968e+05
 1.58531923e+05 1.65555743e+05 1.66967855e+05 1.70766964e+05
 1.84915236e+05 1.74068652e+05 1.67864130e+05 1.71938486e+05
 1.70529619e+05 1.68639488e+05 1.64130009e+05 1.71392721e+05
 1.51534006e+05 1.62784443e+05 1.57955866e+05 1.55857436e+05
 1.52732407e+05 1.56509411e+05 1.50647985e+05 1.47376077e+05
 8.23528725e+04 2.07634849e+03 1.26093047e+03 1.03018727e+03
 9.03968079e+02 8.04938128e+02 6.74673568e+02 6.10991082e+02
 5.64337357e+02 5.32127594e+02 5.17174736e+02 4.86013589e+02
 4.84975078e+02 4.58856756e+02 4.38049512e+02 4.39512312e+02
 4.35005055e+02 4.16477209e+02 4.05319089e+02 4.00431708e+02
 3.95427835e+02 3.82071116e+02 3.72273177e+02 3.68230126e+02
 3.76416966e+02 3.60242462e+02 3.46297268e+02 3.43685915e+02
 3.46824624e+02 3.28373615e+02 3.22288949e+02 3.17903809e+02
 3.11267124e+02 3.06682967e+02 3.03186138e+02 2.98269401e+02
 2.99423603e+02 2.89976919e+02 2.90234300e+02 2.90259818e+02
 2.79971208e+02 2.85165130e+02 2.77964402e+02 2.76175564e+02
 2.74871426e+02 2.68583103e+02 2.69720146e+02 2.70076044e+02
 2.66782269e+02 2.70651706e+02 2.64542518e+02 2.62620407e+02
 2.60801972e+02 2.60601693e+02 2.56837376e+02 2.56503626e+02
 2.56294995e+02 2.50302311e+02 2.51132865e+02 2.54010480e+02
 2.47151999e+02 2.48875780e+02 2.46929911e+02 2.48820136e+02
 2.40462615e+02 2.41238758e+02 2.41591412e+02 2.37060714e+02
 2.37087471e+02 2.29585314e+02 2.33015940e+02 2.26643404e+02
 2.29815550e+02 2.30406885e+02 2.25106691e+02 2.30424424e+02
 2.23827713e+02 2.26677985e+02 2.24022569e+02 2.24524348e+02
 2.24388707e+02 2.21084827e+02 2.24563736e+02 2.24125802e+02
 2.16869421e+02 2.20292426e+02 2.21307998e+02 2.16376173e+02
 2.24683895e+02 2.13867301e+02 2.27193400e+02 2.23096612e+02
 2.28271919e+02 2.31745430e+02 2.32638842e+02 2.27157453e+02
 2.26197910e+02 2.23282733e+02 2.19591147e+02 2.15291468e+02
 2.15137056e+02 2.16004424e+02 2.13770511e+02 2.14987534e+02
 2.13349742e+02 2.15484352e+02 2.37323416e+02]",5.275348000628259e+30,400
0.8949241079324406,0.9979110116522946,0.9732716871733642,-0.0021947827787213883,-0.8827505447855979,955440914.4260658,0.9984249765180143,64.96425192439449,0.8949241079324406,"[2.15333237e+15 7.85917307e+11 2.53890582e+11 2.79837397e+11
 7.30089072e+10 6.55293022e+10 5.65448731e+10 4.67535350e+10
 6.61690485e+10 5.61742223e+10 4.34408607e+10 3.33772917e+10
 3.94204302e+10 3.16434398e+10 2.41776794e+10 2.16064467e+10
 2.78133698e+10 2.03931496e+10 1.22456343e+10 1.02679749e+10
 7.64119842e+09 8.20876271e+09 8.10017661e+09 9.65405379e+09
 9.07482872e+09 6.61075291e+09 7.66222533e+09 7.95325522e+09
 5.76084556e+09 5.98533400e+09 5.43133263e+09 4.67988076e+09
 3.77955741e+09 4.44604575e+09 4.96395250e+09 3.15455891e+09
 3.34154088e+09 4.03694627e+09 3.81764574e+09 3.68145186e+09
 3.20532849e+09 2.98800633e+09 2.55667912e+09 1.06102186e+09
 5.13460217e+08 4.90134084e+08 4.44939729e+08 5.15856208e+08
 4.08525264e+08 4.14371851e+08 3.31679529e+08 2.07575336e+08
 2.41528728e+08 1.47789541e+08 8.81025385e+07 5.60688257e+07
 6.00877482e+07 4.70879023e+07 4.82422043e+07 4.21567369e+07
 3.62575068e+07 4.19636514e+07 4.05651108e+07 3.72755506e+07
 3.35705116e+07 3.44673951e+07 2.82564988e+07 1.27806412e+07
 1.06621973e+07 1.02105184e+07 1.01353322e+07 7.97023213e+06
 5.70060840e+06 3.23327918e+06 2.73409696e+06 2.93206576e+06
 2.53858883e+06 2.65350051e+06 3.03703207e+06 2.46969308e+06
 2.95557130e+06 2.42876785e+06 2.21033817e+06 2.54527671e+06
 2.98267138e+06 2.11828343e+06 2.17452431e+06 1.86817380e+06
 1.71794559e+06 1.41477224e+06 1.27876496e+06 1.40320000e+06
 1.52338521e+06 1.47675137e+06 1.66561769e+06 1.52294094e+06
 1.92403437e+06 1.63212553e+06 1.26297951e+06 1.44011564e+06
 1.50419904e+06 1.33609700e+06 1.24947720e+06 1.13988702e+06
 1.11806811e+06 1.07517392e+06 1.02533652e+06 9.74996885e+05
 9.40600120e+05 9.60364706e+05 8.90023889e+05 9.10430824e+05
 9.01688342e+05 8.33993359e+05 8.06933680e+05 8.32424920e+05
 8.45402831e+05 8.44740279e+05 9.48572106e+05 8.67199629e+05
 7.51052310e+05 8.91393865e+05 8.35763362e+05 8.39854239e+05
 8.39906697e+05 8.34917696e+05 7.64649621e+05 7.52380587e+05
 7.58163690e+05 7.31065502e+05 6.87210898e+05 6.93202269e+05
 5.50482399e+05 6.05658954e+05 6.18385178e+05 5.70738972e+05
 5.11523260e+05 5.29967937e+05 4.99811656e+05 4.72916168e+05
 4.91418767e+05 4.67593766e+05 4.76315238e+05 4.80541525e+05
 4.46463292e+05 4.34067709e+05 4.36015552e+05 4.51306211e+05
 4.10687724e+05 4.26111675e+05 4.54133595e+05 4.01579659e+05
 4.50314018e+05 3.96108002e+05 3.75810646e+05 4.15154313e+05
 4.30590677e+05 3.63350523e+05 3.60351903e+05 3.50320239e+05
 3.40929914e+05 3.04171436e+05 3.14235750e+05 3.01381454e+05
 3.19970094e+05 3.14732294e+05 3.33489420e+05 3.38627565e+05
 3.65261047e+05 3.35481370e+05 2.98635563e+05 3.17367403e+05
 3.49380115e+05 3.00007829e+05 3.10670964e+05 3.05649306e+05
 2.74674112e+05 2.93475942e+05 2.73091887e+05 2.76117134e+05
 2.65636594e+05 2.70841206e+05 2.61726582e+05 2.57243660e+05
 2.67611405e+05 2.53822209e+05 2.46197691e+05 2.50651475e+05
 2.47194565e+05 2.51722752e+05 2.69046959e+05 2.45034186e+05
 2.34764970e+05 2.57927675e+05 2.52594556e+05 2.53137128e+05
 2.55259698e+05 2.51097945e+05 2.46438353e+05 2.42796757e+05
 2.52720610e+05 2.39918960e+05 2.24062952e+05 2.28325887e+05
 1.97136317e+05 2.16057514e+05 2.15104399e+05 2.04018036e+05
 1.93670101e+05 1.95001690e+05 2.01868535e+05 1.94732647e+05
 2.03631624e+05 1.97527490e+05 1.86939489e+05 2.02366997e+05
 1.90120554e+05 1.88834312e+05 1.98300564e+05 1.83923187e+05
 1.85843260e+05 1.84863064e+05 1.90731780e+05 1.86086883e+05
 1.91166070e+05 1.80486231e+05 1.70684974e+05 1.81735616e+05
 1.90205203e+05 1.69940884e+05 1.70648091e+05 1.65761658e+05
 1.63493399e+05 1.57922697e+05 1.66027139e+05 1.62138968e+05
 1.58531923e+05 1.65555743e+05 1.66967855e+05 1.70766964e+05
 1.84915236e+05 1.74068652e+05 1.67864130e+05 1.71938486e+05
 1.70529619e+05 1.68639488e+05 1.64130009e+05 1.71392721e+05
 1.51534006e+05 1.62784443e+05 1.57955866e+05 1.55857436e+05
 1.52732407e+05 1.56509411e+05 1.50647985e+05 1.47376077e+05
 8.23528725e+04 2.07634849e+03 1.26093047e+03 1.03018727e+03
 9.03968079e+02 8.04938128e+02 6.74673568e+02 6.10991082e+02
 5.64337357e+02 5.32127594e+02 5.17174736e+02 4.86013589e+02
 4.84975078e+02 4.58856756e+02 4.38049512e+02 4.39512312e+02
 4.35005055e+02 4.16477209e+02 4.05319089e+02 4.00431708e+02
 3.95427835e+02 3.82071116e+02 3.72273177e+02 3.68230126e+02
 3.76416966e+02 3.60242462e+02 3.46297268e+02 3.43685915e+02
 3.46824624e+02 3.28373615e+02 3.22288949e+02 3.17903809e+02
 3.11267124e+02 3.06682967e+02 3.03186138e+02 2.98269401e+02
 2.99423603e+02 2.89976919e+02 2.90234300e+02 2.90259818e+02
 2.79971208e+02 2.85165130e+02 2.77964402e+02 2.76175564e+02
 2.74871426e+02 2.68583103e+02 2.69720146e+02 2.70076044e+02
 2.66782269e+02 2.70651706e+02 2.64542518e+02 2.62620407e+02
 2.60801972e+02 2.60601693e+02 2.56837376e+02 2.56503626e+02
 2.56294995e+02 2.50302311e+02 2.51132865e+02 2.54010480e+02
 2.47151999e+02 2.48875780e+02 2.46929911e+02 2.48820136e+02
 2.40462615e+02 2.41238758e+02 2.41591412e+02 2.37060714e+02
 2.37087471e+02 2.29585314e+02 2.33015940e+02 2.26643404e+02
 2.29815550e+02 2.30406885e+02 2.25106691e+02 2.30424424e+02
 2.23827713e+02 2.26677985e+02 2.24022569e+02 2.24524348e+02
 2.24388707e+02 2.21084827e+02 2.24563736e+02 2.24125802e+02
 2.16869421e+02 2.20292426e+02 2.21307998e+02 2.16376173e+02
 2.24683895e+02 2.13867301e+02 2.27193400e+02 2.23096612e+02
 2.28271919e+02 2.31745430e+02 2.32638842e+02 2.27157453e+02
 2.26197910e+02 2.23282733e+02 2.19591147e+02 2.15291468e+02
 2.15137056e+02 2.16004424e+02 2.13770511e+02 2.14987534e+02
 2.13349742e+02 2.15484352e+02 2.37323416e+02]",5.275368931617119e+30,450
0.8933427397639088,0.9979302898986979,0.9733218565902124,-0.002284405295882029,-0.8828078838956104,960773977.5339103,0.9984496828251681,64.98642924313525,0.8933427397639088,"[2.15180504e+15 7.85339448e+11 2.55333026e+11 2.81681228e+11
 7.42147229e+10 6.64667681e+10 5.78350181e+10 4.84829629e+10
 6.76919431e+10 5.92092533e+10 4.58133897e+10 3.46993417e+10
 4.10320519e+10 3.33519757e+10 2.48828190e+10 2.29590996e+10
 2.95631808e+10 2.16719646e+10 1.29619613e+10 1.11780139e+10
 8.27143390e+09 8.95282110e+09 8.82995222e+09 1.03108338e+10
 9.76584234e+09 7.10681961e+09 8.29685808e+09 8.66786167e+09
 6.27392354e+09 6.62576438e+09 5.93189498e+09 5.21076179e+09
 4.07345772e+09 4.78445309e+09 5.35614790e+09 3.47925663e+09
 3.67088826e+09 4.43176657e+09 4.20103438e+09 3.99667694e+09
 3.49885541e+09 3.24291735e+09 2.73715872e+09 1.21317514e+09
 6.09634387e+08 5.81865691e+08 5.39273538e+08 6.31426871e+08
 5.00130197e+08 5.00095990e+08 4.01181118e+08 2.55329413e+08
 2.94850532e+08 1.88014937e+08 1.10761091e+08 7.09592152e+07
 7.53517143e+07 5.93087077e+07 6.04765071e+07 5.24008311e+07
 4.50836525e+07 5.28985944e+07 5.12077123e+07 4.71015605e+07
 4.25294517e+07 4.36747859e+07 3.59427896e+07 1.63490323e+07
 1.33795933e+07 1.32608733e+07 1.30609380e+07 9.94005289e+06
 6.84177418e+06 3.37779660e+06 2.79569670e+06 2.98094349e+06
 2.58100824e+06 2.69273612e+06 3.08213636e+06 2.51237822e+06
 3.00211217e+06 2.45388643e+06 2.22666589e+06 2.56510965e+06
 3.00047511e+06 2.12847189e+06 2.17920492e+06 1.86817380e+06
 1.71794559e+06 1.41477224e+06 1.27876496e+06 1.40320000e+06
 1.52338521e+06 1.47675137e+06 1.66561769e+06 1.52294094e+06
 1.92403437e+06 1.63212553e+06 1.26297951e+06 1.44011564e+06
 1.50419904e+06 1.33609700e+06 1.24947720e+06 1.13988702e+06
 1.11806811e+06 1.07517392e+06 1.02533652e+06 9.74996885e+05
 9.40600120e+05 9.60364706e+05 8.90023889e+05 9.10430824e+05
 9.01688342e+05 8.33993359e+05 8.06933680e+05 8.32424920e+05
 8.45402831e+05 8.44740279e+05 9.48572106e+05 8.67199629e+05
 7.51052310e+05 8.91393865e+05 8.35763362e+05 8.39854239e+05
 8.39906697e+05 8.34917696e+05 7.64649621e+05 7.52380587e+05
 7.58163690e+05 7.31065502e+05 6.87210898e+05 6.93202269e+05
 5.50482399e+05 6.05658954e+05 6.18385178e+05 5.70738972e+05
 5.11523260e+05 5.29967937e+05 4.99811656e+05 4.72916168e+05
 4.91418767e+05 4.67593766e+05 4.76315238e+05 4.80541525e+05
 4.46463292e+05 4.34067709e+05 4.36015552e+05 4.51306211e+05
 4.10687724e+05 4.26111675e+05 4.54133595e+05 4.01579659e+05
 4.50314018e+05 3.96108002e+05 3.75810646e+05 4.15154313e+05
 4.30590677e+05 3.63350523e+05 3.60351903e+05 3.50320239e+05
 3.40929914e+05 3.04171436e+05 3.14235750e+05 3.01381454e+05
 3.19970094e+05 3.14732294e+05 3.33489420e+05 3.38627565e+05
 3.65261047e+05 3.35481370e+05 2.98635563e+05 3.17367403e+05
 3.49380115e+05 3.00007829e+05 3.10670964e+05 3.05649306e+05
 2.74674112e+05 2.93475942e+05 2.73091887e+05 2.76117134e+05
 2.65636594e+05 2.70841206e+05 2.61726582e+05 2.57243660e+05
 2.67611405e+05 2.53822209e+05 2.46197691e+05 2.50651475e+05
 2.47194565e+05 2.51722752e+05 2.69046959e+05 2.45034186e+05
 2.34764970e+05 2.57927675e+05 2.52594556e+05 2.53137128e+05
 2.55259698e+05 2.51097945e+05 2.46438353e+05 2.42796757e+05
 2.52720610e+05 2.39918960e+05 2.24062952e+05 2.28325887e+05
 1.97136317e+05 2.16057514e+05 2.15104399e+05 2.04018036e+05
 1.93670101e+05 1.95001690e+05 2.01868535e+05 1.94732647e+05
 2.03631624e+05 1.97527490e+05 1.86939489e+05 2.02366997e+05
 1.90120554e+05 1.88834312e+05 1.98300564e+05 1.83923187e+05
 1.85843260e+05 1.84863064e+05 1.90731780e+05 1.86086883e+05
 1.91166070e+05 1.80486231e+05 1.70684974e+05 1.81735616e+05
 1.90205203e+05 1.69940884e+05 1.70648091e+05 1.65761658e+05
 1.63493399e+05 1.57922697e+05 1.66027139e+05 1.62138968e+05
 1.58531923e+05 1.65555743e+05 1.66967855e+05 1.70766964e+05
 1.84915236e+05 1.74068652e+05 1.67864130e+05 1.71938486e+05
 1.70529619e+05 1.68639488e+05 1.64130009e+05 1.71392721e+05
 1.51534006e+05 1.62784443e+05 1.57955866e+05 1.55857436e+05
 1.52732407e+05 1.56509411e+05 1.50647985e+05 1.47376077e+05
 8.23528725e+04 2.07634849e+03 1.26093047e+03 1.03018727e+03
 9.03968079e+02 8.04938128e+02 6.74673568e+02 6.10991082e+02
 5.64337357e+02 5.32127594e+02 5.17174736e+02 4.86013589e+02
 4.84975078e+02 4.58856756e+02 4.38049512e+02 4.39512312e+02
 4.35005055e+02 4.16477209e+02 4.05319089e+02 4.00431708e+02
 3.95427835e+02 3.82071116e+02 3.72273177e+02 3.68230126e+02
 3.76416966e+02 3.60242462e+02 3.46297268e+02 3.43685915e+02
 3.46824624e+02 3.28373615e+02 3.22288949e+02 3.17903809e+02
 3.11267124e+02 3.06682967e+02 3.03186138e+02 2.98269401e+02
 2.99423603e+02 2.89976919e+02 2.90234300e+02 2.90259818e+02
 2.79971208e+02 2.85165130e+02 2.77964402e+02 2.76175564e+02
 2.74871426e+02 2.68583103e+02 2.69720146e+02 2.70076044e+02
 2.66782269e+02 2.70651706e+02 2.64542518e+02 2.62620407e+02
 2.60801972e+02 2.60601693e+02 2.56837376e+02 2.56503626e+02
 2.56294995e+02 2.50302311e+02 2.51132865e+02 2.54010480e+02
 2.47151999e+02 2.48875780e+02 2.46929911e+02 2.48820136e+02
 2.40462615e+02 2.41238758e+02 2.41591412e+02 2.37060714e+02
 2.37087471e+02 2.29585314e+02 2.33015940e+02 2.26643404e+02
 2.29815550e+02 2.30406885e+02 2.25106691e+02 2.30424424e+02
 2.23827713e+02 2.26677985e+02 2.24022569e+02 2.24524348e+02
 2.24388707e+02 2.21084827e+02 2.24563736e+02 2.24125802e+02
 2.16869421e+02 2.20292426e+02 2.21307998e+02 2.16376173e+02
 2.24683895e+02 2.13867301e+02 2.27193400e+02 2.23096612e+02
 2.28271919e+02 2.31745430e+02 2.32638842e+02 2.27157453e+02
 2.26197910e+02 2.23282733e+02 2.19591147e+02 2.15291468e+02
 2.15137056e+02 2.16004424e+02 2.13770511e+02 2.14987534e+02
 2.13349742e+02 2.15484352e+02 2.37323416e+02]",5.275387973388281e+30,500
